Name,First records,More details
Cladophora sericea,First records test,More details test
Bryopsis plumosa,First records test,More details test
Ulva compressa,First records test,More details test
Ulva lactuca,First records test,More details test
Ulva linza,First records test,More details test
Ulva rigida,First records test,More details test
Haliclona canaliculata,First records test,More details test
Ectopleura larynx,First records test,More details test
Obelia bidentata,First records test,More details test
Obelia dichotoma,First records test,More details test
Harmothoe imbricata,First records test,More details test
Nereis pelagica,First records test,More details test
Phyllodoce maculata,First records test,More details test
Dipolydora socialis,First records test,More details test
Tanaisdulongii,First records test,More details test
Apocorophium acutum,First records test,More details test
Caprella equilibra,First records test,More details test
Amathiagracilis,First records test,More details test